Workbook

Sheet Instructions
B2: Use Case → Sprint Task Tracker
B4: 1. Use Cases | C4: Define each use case first on the 'Use Cases' tab. One row per use case. Fill only the yellow cells; formulas/IDs elsewhere are for reference.
B6: 2. Sprint Tasks | C6: Break every use case into one or more sprint-ready tasks on the 'Sprint Tasks' tab. Link each task back to its Use Case ID.
B8: 3. Sprint Board | C8: The 'Sprint Board' tab summarizes task counts and status per sprint using formulas — do not edit its formula cells directly.
B10: 4. Dropdowns | C10: Priority, Status, Task Type and Sprint columns use dropdown lists so data stays consistent. Edit the 'Lookup Lists' tab to change the available options.
B12: Color legend
C14: Yellow fill = cell you fill in
C15: Green fill = example row (for reference only, safe to delete/overwrite)

Sheet Lookup Lists
A1: Priority | B1: UC Status | C1: Task Status | D1: Task Type | E1: Sprint
A2: Critical | B2: Draft | C2: To Do | D2: Frontend | E2: Sprint 1
A3: High | B3: Approved | C3: In Progress | D3: Backend | E3: Sprint 2
A4: Medium | B4: In Progress | C4: In Review | D4: API | E4: Sprint 3
A5: Low | B5: Done | C5: Blocked | D5: Database | E5: Sprint 4
C6: Done | D6: QA/Testing | E6: Sprint 5
D7: DevOps | E7: Backlog
D8: Documentation
D9: Design

Sheet Use Cases
A1: Use Case ID | B1: Use Case Title | C1: Actor | D1: Description | E1: Preconditions | F1: Main Flow (steps) | G1: Postconditions | H1: Priority | I1: Status | J1: Related Epic/Feature | K1: Notes
A2: UC-001 | B2: Register with email and password | C2: Student (prospect) | D2: As a prospective student, I want to create an account with my email and a password so that I can start using Lumen Academy. | E2: Email is not already registered (checked via GET /auth/email-exists); Supabase Auth is reachable. | F2: 1. Open the landing page and choose Register 2. Enter name, email, password 3. Frontend checks email availability 4. signUpWithPassword() creates the Supabase identity 5. A 6-digit confirmation OTP is emailed 6. Student is moved to the OTP screen | G2: A Supabase auth identity and a core.app_user row exist; the account is pending email confirmation. | H2: Critical | I2: Done | J2: Auth & Session | K2: frontend/src/pages/LandingView.tsx (authMode 'register'), services/supabaseAuth.ts signUpWithPassword, services/emailAvailabilityApi.ts. Auth is 100% client-side Supabase; backend never issues tokens.
A3: UC-002 | B3: Confirm sign-up with an email OTP | C3: Student (prospect) | D3: As a new student, I want to confirm my email with the code I received so that my account becomes usable. | E3: Sign-up completed; a confirmation OTP was sent and has not expired. | F3: 1. Enter the 6 digits in the OTP boxes 2. verifySignupOtp() exchanges the code for a session 3. On failure the student can request a resend (rate-limited by a retry-after countdown) 4. On success the app loads the authenticated shell | G3: Email is confirmed, a Supabase session exists and the student lands on the dashboard. | H3: Critical | I3: Done | J3: Auth & Session | K3: supabaseAuth.ts verifySignupOtp / resendSignupConfirmation; resend guarded by services/emailSendGuard.ts.
A4: UC-003 | B4: Sign in with email and password | C4: Student | D4: As a returning student, I want to sign in with my email and password so that I can get back to my preparation. | E4: A confirmed account exists. | F4: 1. Choose Sign In 2. Enter email and password 3. signInWithPassword() returns a Supabase session 4. GET /me returns identity, role, status, tenancy and student profile in one call 5. The dashboard renders | G4: An authenticated session is active and the profile snapshot is cached in app state. | H4: Critical | I4: Done | J4: Auth & Session | K4: supabaseAuth.ts signInWithPassword; backend/src/routes/api.ts GET /me (replaces the old multi-round-trip PostgREST reads).
A5: UC-004 | B5: Sign in with a one-time passcode (email) | C5: Student | D5: As a student who does not want to remember a password, I want to sign in with an emailed code so that access stays simple. | E5: The email belongs to an existing account (shouldCreateUser=false for the login flow). | F5: 1. Choose Sign In and switch delivery to Email OTP 2. sendEmailOtp() dispatches the code 3. Enter the 6 digits 4. verifyEmailOtp() returns a session | G5: The student is signed in without a password. | H5: High | I5: Done | J5: Auth & Session | K5: supabaseAuth.ts sendEmailOtp / verifyEmailOtp; otpFlow distinguishes register vs login.
A6: UC-005 | B6: Sign in with a mobile OTP | C6: Student | D6: As a student who prefers my phone number, I want to receive an SMS code so that I can sign in without email. | E6: Phone number is valid and normalisable to E.164; SMS provider is configured in Supabase. | F6: 1. Switch OTP delivery to Phone 2. Enter the mobile number (converted to E.164) 3. sendPhoneOtp() dispatches the SMS 4. Enter the code 5. verifyPhoneOtp() returns a session | G6: The student is signed in via phone identity. | H6: Medium | I6: In Progress | J6: Auth & Session | K6: supabaseAuth.ts sendPhoneOtp / verifyPhoneOtp. docs/FRONTEND.md sec 5.6 flags the per-SMS cost trap before this is switched on for real traffic.
A7: UC-006 | B7: Sign in with Google or LinkedIn | C7: Student | D7: As a student, I want to sign in with an account I already have so that I skip form filling. | E7: The OAuth provider is enabled in Supabase and redirect URLs are allow-listed. | F7: 1. Click Continue with Google (or LinkedIn) 2. signInWithGoogle()/signInWithLinkedIn() starts the OAuth redirect 3. Provider returns to the app with a session 4. GET /me resolves the app user | G7: A federated identity is linked and the student is signed in. | H7: Medium | I7: Done | J7: Auth & Session | K7: supabaseAuth.ts signInWithGoogle / signInWithLinkedIn; services/googleOneTap.ts for the One Tap prompt.
A8: UC-007 | B8: Explore the product on the shared demo account | C8: Visitor | D8: As a visitor, I want a one-click demo login so that I can see the real product before registering. | E8: Demo credentials are provisioned; ensureDemoSession() can sign in or create the demo user once. | F8: 1. Click Demo Account on the landing page 2. ensureDemoSession() signs in (or provisions) the shared demo user 3. The app shows a 'demo data' badge in the header 4. Visitor browses dashboard, tests and analytics | G8: The visitor is inside the authenticated app on shared sample data. | H8: High | I8: Done | J8: Auth & Session | K8: frontend/src/services/demoSession.ts; Header.tsx renders the demo badge with a shared-account tooltip.
A9: UC-008 | B9: Reset the demo account back to a clean state | C9: Student (demo) / Support | D9: As anyone using the demo, I want its data reset so that the next visitor sees a clean account. | E9: Signed in on the demo account. | F9: 1. Trigger the demo reset action 2. POST /auth/demo/reset clears demo attempts, plans and notes 3. The app reloads its state | G9: Demo attempts and learn-layer rows are cleared; the demo user itself survives. | H9: Low | I9: Done | J9: Auth & Session | K9: backend/src/controllers/demoController.ts resetDemoAccountData; frontend services/demoSession.ts.
A10: UC-009 | B10: Check whether an email is already registered | C10: Student (prospect) | D10: As a prospect, I want to be told immediately that my email already has an account so that I sign in instead of re-registering. | E10: Lookup rate limit for the caller has not been exceeded. | F10: 1. Type an email in the register form 2. Frontend calls GET /auth/email-exists (debounced) 3. checkEmailLookupAllowed() throttles abusive lookups 4. UI shows 'already registered — sign in instead' | G10: The student is routed to the correct flow before submitting. | H10: Medium | I10: Done | J10: Auth & Session | K10: backend/src/services/emailAvailability.service.ts; deliberately rate-limited to avoid an email-enumeration oracle.
A11: UC-010 | B11: Keep the session alive and warn before idle expiry | C11: Student | D11: As a student, I want a warning before my session expires so that I do not lose work silently. | E11: Signed in; SESSION_IDLE_TIMEOUT_MINUTES / SESSION_ABSOLUTE_HOURS configured. | F11: 1. The client sends POST /auth/session/heartbeat on activity 2. GET /auth/session reports idle and absolute remaining time 3. useIdleSessionGuard opens SessionExpiryModal before the cut-off 4. Student extends the session or is signed out | G11: The session is either extended or ended cleanly with the student informed. | H11: High | I11: Done | J11: Auth & Session | K11: backend/src/controllers/authSessionController.ts; frontend hooks/useIdleSessionGuard.ts + components/layout/SessionExpiryModal.tsx.
A12: UC-011 | B12: Sign out | C12: Student | D12: As a student, I want to sign out so that my account is not left open on a shared device. | E12: An active session exists. | F12: 1. Open the profile menu and click Sign Out 2. POST /auth/session/logout records the logout 3. supabaseAuth.signOut() clears the client session 4. The landing page is shown | G12: The session is terminated and cached profile state is dropped. | H12: High | I12: Done | J12: Auth & Session | K12: authSessionController.logoutSession; Header.tsx sign-out control.
... A82: UC-081 | B82: Enforce record ownership on user-scoped data | C82: System | D82: As the platform, I want every attempt, plan and deck read/write checked against its owner so that one student can never touch another's data. | E82: The caller is authenticated. | F82: 1. requireAttemptOwnership() resolves the attempt's owner once per request 2. requirePlanOwnership() / requireDeckOwnership() do the same for plans and flashcard decks 3. makeOwnedCrudRouter scopes generic learn CRUD by user_id 4. A mismatch returns 403/404 without exposing the record | G82: Cross-user access is impossible through any owned route. | H82: Critical | I82: Done | J82: Platform & Operations | K82: backend/src/middleware/ownership.ts; backend/src/lib/dbCrudRouter.ts. audit_log is deliberately not exposed through CRUD (append-only).

Sheet Sprint Tasks
A1: Task ID | B1: Use Case ID | C1: Task Title | D1: Task Type | E1: Description | F1: Acceptance Criteria | G1: Sprint | H1: Assignee | I1: Story Points | J1: Priority | K1: Status | L1: Start Date | M1: Due Date
A2: TASK-001 | B2: UC-034 | C2: Build test timer & auto-submit component | D2: Frontend | E2: Implement countdown timer UI that auto-submits the test when time expires. | F2: Given a running test, when the timer hits 0, then the test auto-submits and shows the result screen. | G2: Sprint 1 | H2: Deepan B | I2: 5 | J2: High | K2: In Progress | L2: 2026-09-08 | M2: 2026-09-12
A3: ="TASK-"&TEXT(2,"000") | B3: UC-001 | C3: Email + password registration | D3: Frontend | E3: Register form on LandingView (authMode 'register') calling supabaseAuth.signUpWithPassword, with client-side Supabase auth only — the backend never issues tokens. | F3: Given a new email, when the form is submitted, then a Supabase identity and a core.app_user row exist and the OTP screen is shown. | G3: Sprint 1 | H3: FE Dev | I3: 5 | J3: Critical | K3: Done | L3: 46273 | M3: 46277
A4: ="TASK-"&TEXT(3,"000") | B4: UC-002 | C4: Sign-up OTP confirmation + resend guard | D4: Frontend | E4: 6-digit OTP screen wired to verifySignupOtp / resendSignupConfirmation, with resend throttled by services/emailSendGuard.ts. | F4: Given a valid code, when it is entered, then the email is confirmed and a session starts; resend is blocked inside the guard window. | G4: Sprint 1 | H4: FE Dev | I4: 3 | J4: Critical | K4: Done | L4: 46273 | M4: 46277
A5: ="TASK-"&TEXT(4,"000") | B5: UC-003 | C5: Password sign-in with single-call profile load | D5: Frontend | E5: signInWithPassword followed by one GET /me call, replacing the old multi-round-trip PostgREST reads. | F5: Given a confirmed account, when the student signs in, then the profile snapshot loads in a single request. | G5: Sprint 1 | H5: FE Dev | I5: 3 | J5: Critical | K5: Done | L5: 46273 | M5: 46277
A6: ="TASK-"&TEXT(5,"000") | B6: UC-004 | C6: Passwordless email OTP sign-in | D6: Frontend | E6: sendEmailOtp / verifyEmailOtp with otpFlow distinguishing register from login (shouldCreateUser=false on login). | F6: Given an existing email, when the emailed code is entered, then the student is signed in without a password. | G6: Sprint 1 | H6: FE Dev | I6: 3 | J6: High | K6: Done | L6: 46273 | M6: 46277
A7: ="TASK-"&TEXT(6,"000") | B7: UC-005 | C7: Mobile OTP sign-in (E.164 normalisation) | D7: Frontend | E7: sendPhoneOtp / verifyPhoneOtp with mobile numbers normalised to E.164 before the request. | F7: Given a valid Indian mobile number, when the SMS code is entered, then the student is signed in via the phone identity. | G7: Sprint 1 | H7: FE Dev | I7: 5 | J7: Medium | K7: In Progress | L7: 46273 | M7: 46284
A8: ="TASK-"&TEXT(7,"000") | B8: UC-005 | C8: SMS cost guard before enabling phone OTP for real traffic | D8: Backend | E8: Per-number and per-IP send limits plus a spend cap, closing the per-SMS cost trap flagged in docs/FRONTEND.md sec 5.6. | F8: Given repeated OTP requests for one number, when the limit is hit, then further sends are refused and the attempt is logged. | G8: Sprint 2 | H8: BE Dev | I8: 3 | J8: Medium | K8: To Do | L8: 46287 | M8: 46298
A9: ="TASK-"&TEXT(8,"000") | B9: UC-006 | C9: Google / LinkedIn OAuth sign-in | D9: Frontend | E9: signInWithGoogle / signInWithLinkedIn plus the Google One Tap prompt in services/googleOneTap.ts. | F9: Given an enabled provider, when the student completes consent, then a federated identity is linked and the session starts. | G9: Sprint 1 | H9: FE Dev | I9: 5 | J9: Medium | K9: Done | L9: 46273 | M9: 46277
A10: ="TASK-"&TEXT(9,"000") | B10: UC-007 | C10: One-click demo login | D10: Frontend | E10: services/demoSession.ts ensureDemoSession plus the shared-account demo badge in Header.tsx. | F10: Given a visitor on the landing page, when Demo Account is clicked, then they land inside the app on sample data with the badge visible. | G10: Sprint 1 | H10: FE Dev | I10: 3 | J10: High | K10: Done | L10: 46273 | M10: 46277
A11: ="TASK-"&TEXT(10,"000") | B11: UC-008 | C11: Demo account reset endpoint | D11: Backend | E11: POST /auth/demo/reset in demoController.resetDemoAccountData clearing attempts and learn-layer rows. | F11: Given the demo account has data, when reset is called, then attempts and learn rows are cleared and the user row survives. | G11: Sprint 1 | H11: BE Dev | I11: 2 | J11: Low | K11: Done | L11: 46273 | M11: 46277
A12: ="TASK-"&TEXT(11,"000") | B12: UC-009 | C12: Email availability lookup with rate limit | D12: Backend | E12: GET /auth/email-availability in emailAvailability.service.ts, rate-limited so it cannot be used as an enumeration oracle. | F12: Given a registered email, when it is typed, then the UI routes to sign-in; repeated lookups from one caller are throttled. | G12: Sprint 1 | H12: BE Dev | I12: 3 | J12: Medium | K12: Done | L12: 46273 | M12: 46277
A13: ="TASK-"&TEXT(12,"000") | B13: UC-010 | C13: Idle session heartbeat and expiry warning | D13: Full-stack | E13: POST /auth/session/heartbeat with useIdleSessionGuard.ts and SessionExpiryModal warning before idle/absolute expiry. | F13: Given an idle session near timeout, when the threshold passes, then the warning modal appears and the student can extend or end cleanly. | G13: Sprint 1 | H13: Full-stack | I13: 5 | J13: High | K13: Done | L13: 46273 | M13: 46277
A14: ="TASK-"&TEXT(13,"000") | B14: UC-011 | C14: Sign out | D14: Frontend | E14: Profile-menu sign-out calling POST /auth/session/logout and dropping cached profile state. | F14: Given a signed-in student, when Sign Out is clicked, then the session ends and no cached profile remains. | G14: Sprint 1 | H14: FE Dev | I14: 1 | J14: High | K14: Done | L14: 46273 | M14: 46277
A15: ="TASK-"&TEXT(14,"000") | B15: UC-003 | C15: Regression pass across all six sign-in paths | D15: QA/Testing | E15: Exercise password, email OTP, phone OTP, Google, LinkedIn and demo sign-in end to end on desktop and mobile widths. | F15: Given each of the six paths, when it is run against a clean account, then sign-in succeeds and GET /me returns the right profile. | G15: Sprint 2 | H15: QA | I15: 5 | J15: High | K15: To Do | L15: 46287 | M15: 46298
A16: ="TASK-"&TEXT(15,"000") | B16: UC-012 | C16: Onboarding sync (exam, class, target year) | D16: Backend | E16: GET /me onboarding sync in meProfile.service.ts persisting targetExam, classLevel and targetYear on core.student_profile. | F16: Given a new student completes onboarding, when GET /me is called, then the three fields are persisted and returned. | G16: Sprint 1 | H16: BE Dev | I16: 5 | J16: High | K16: Done | L16: 46273 | M16: 46277
A17: ="TASK-"&TEXT(16,"000") | B17: UC-013 | C17: Consolidated profile snapshot (GET /me) | D17: Backend | E17: getFullProfile returning identity, role, status, plan and academic details in one authoritative response. | F17: Given a valid access token, when GET /me is called, then one response carries every field ProfileView renders. | G17: Sprint 1 | H17: BE Dev | I17: 3 | J17: High | K17: Done | L17: 46273 | M17: 46277
A18: ="TASK-"&TEXT(17,"000") | B18: UC-014 | C18: Strict self-service profile update | D18: Backend | E18: PATCH /me with a .strict() updateProfileSchema so forbidden fields are rejected rather than silently dropped. | F18: Given a payload containing a non-self-editable field, when it is submitted, then the request is rejected with a field-level error. | G18: Sprint 1 | H18: BE Dev | I18: 3 | J18: High | K18: Done | L18: 46273 | M18: 46277
A19: ="TASK-"&TEXT(18,"000") | B19: UC-015 | C19: Wrap remaining Header and Dashboard strings in t() (DB-05 phase 1) | D19: Frontend | E19: First screen-by-screen pass of the deferred i18n sweep: wrap unwrapped strings and add the missing en.json / ta.json keys for Header and Dashboard. | F19: Given the UI language is Tamil, when Header and Dashboard are opened, then no English string remains and every key resolves. | G19: Sprint 1 | H19: FE Dev | I19: 8 | J19: Medium | K19: In Progress | L19: 46273 | M19: 46284
A20: ="TASK-"&TEXT(19,"000") | B20: UC-015 | C20: Tamil string-coverage sweep across remaining screens (DB-05) | D20: Frontend | E20: Continue the sweep across the other useLanguage() consumers, then run the exit gate: click through every route in Tamil. | F20: Given every route is visited in Tamil, when the click-through completes, then zero untranslated strings are found. | G20: Sprint 3 | H20: FE Dev | I20: 13 | J20: Medium | K20: To Do | L20: 46301 | M20: 46312
A21: ="TASK-"&TEXT(20,"000") | B21: UC-016 | C21: Light / dark theme toggle | D21: Frontend | E21: Header.tsx toggleDarkMode with Tailwind v4 dark: variants and a persisted preference. | F21: Given dark mode is chosen, when the app reloads, then the theme is still dark. | G21: Sprint 1 | H21: FE Dev | I21: 1 | J21: Low | K21: Done | L21: 46273 | M21: 46277
A22: ="TASK-"&TEXT(21,"000") | B22: UC-017 | C22: Persist notification and security preferences server-side | D22: Full-stack | E22: Replace Header.tsx's local useState toggles (twoFactor, dailyReminders, whatsappUpdates, emailDiagnosticReports) with a real preferences table and GET/PATCH endpoints. | F22: Given a toggle is changed, when the app reloads on another device, then the stored value is returned by the API and rendered. | G22: Sprint 2 | H22: Full-stack | I22: 8 | J22: Medium | K22: To Do | L22: 46287 | M22: 46298
A23: ="TASK-"&TEXT(22,"000") | B23: UC-017 | C23: Wire reminder and diagnostic delivery to stored preferences | D23: Backend | E23: Make the reminder, WhatsApp and diagnostic-email senders read the persisted preferences instead of firing unconditionally. | F23: Given a student disables daily reminders, when the scheduler runs, then no reminder is sent to that student. | G23: Sprint 3 | H23: BE Dev | I23: 8 | J23: Medium | K23: To Do | L23: 46301 | M23: 46312
A24: ="TASK-"&TEXT(23,"000") | B24: UC-017 | C24: Two-factor enrolment behind the security toggle | D24: Full-stack | E24: Enrolment, verification and recovery-code flow for the 2FA toggle that today only sets local state. | F24: Given 2FA is enabled, when the student next signs in, then a second factor is required and recovery codes are issued once. | G24: Backlog | H24: Full-stack | I24: 13 | J24: Medium | K24: To Do
A25: ="TASK-"&TEXT(24,"000") | B25: UC-018 | C25: Catalog tree endpoint fetched once per session | D25: Backend | E25: GET /catalog/tree returning exam > subject > unit > chapter > topic, consumed by catalogApi.ts and fetched once in App.tsx. | F25: Given the app loads, when the tree is fetched, then every scope picker is populated from that single response. | G25: Sprint 1 | H25: BE Dev | I25: 5 | J25: High | K25: Done | L25: 46273 | M25: 46277
A26: ="TASK-"&TEXT(25,"000") | B26: UC-019 | C26: NEET course area and syllabus browsing | D26: Frontend | E26: CourseAreaView / CoursesView over data/syllabusData.ts, with the route into unit-scoped practice. | F26: Given the NEET tab, when a unit is opened, then its chapters render and Build Test starts a scoped attempt. | G26: Sprint 1 | H26: FE Dev | I26: 5 | J26: High | K26: In Progress | L26: 46273 | M26: 46284
A27: ="TASK-"&TEXT(26,"000") | B27: UC-019 | C27: Replace empty JEE tabs with an explicit coming-soon state | D27: Frontend | E27: The JEE Mains and Advanced tabs are deliberate placeholders today and render blank; give them an honest empty state. | F27: Given the JEE tab is opened, when no syllabus exists, then a clear coming-soon panel is shown instead of an empty page. | G27: Sprint 4 | H27: FE Dev | I27: 2 | J27: Low | K27: To Do | L27: 46315 | M27: 46326
A28: ="TASK-"&TEXT(27,"000") | B28: UC-020 | C28: Unit study material preview and download | D28: Full-stack | E28: unitMaterialController redirect plus the frontend content-type check that stops a Google sign-in page being saved as a fake PDF. | F28: Given a shared Drive file, when download is clicked, then a valid file is saved; given an unshared one, a single clear message is shown. | G28: Sprint 1 | H28: Full-stack | I28: 3 | J28: High | K28: In Progress | L28: 46273 | M28: 46284
A29: ="TASK-"&TEXT(28,"000") | B29: UC-020 | C29: Re-verify Drive material access after sharing is fixed (DB-06) | D29: QA/Testing | E29: All 82 learn.unit_material rows point at Drive files that are not link-shared. Blocked on the Drive owner changing sharing, then re-run db/scripts/check-drive-material-access.ts. | F29: Given sharing is set to Anyone with the link, when the script runs, then all 82 files return the file rather than a sign-in wall. | G29: Sprint 2 | H29: Content Ops | I29: 2 | J29: High | K29: Blocked | L29: 46287 | M29: 46298
A30: ="TASK-"&TEXT(29,"000") | B30: UC-021 | C30: Expose the resource library book list through an API | D30: Backend | E30: Load db/books/I20_23_Resource_Library_Book_List_REAL.json behind a read route; today the data exists with no endpoint. | F30: Given the endpoint is called, when a subject filter is passed, then the matching books are returned with their metadata. | G30: Sprint 3 | H30: BE Dev | I30: 5 | J30: Low | K30: To Do | L30: 46301 | M30: 46312
A31: ="TASK-"&TEXT(30,"000") | B31: UC-021 | C31: Resource library browse screen | D31: Frontend | E31: First UI over the book list: browse by subject, open a book's details. | F31: Given the library is opened, when a subject is chosen, then its recommended books render from the API. | G31: Sprint 3 | H31: FE Dev | I31: 5 | J31: Low | K31: To Do | L31: 46301 | M31: 46312
A32: ="TASK-"&TEXT(31,"000") | B32: UC-022 | C32: Subject / chapter / topic practice configurator | D32: Full-stack | E32: TestListView configuration plus sessionController.createSession, a discriminated union over the four test modes. | F32: Given a scope and count, when Start is pressed, then a published assess.test and a live attempt exist. | G32: Sprint 1 | H32: Full-stack | I32: 8 | J32: Critical | K32: Done | L32: 46273 | M32: 46277
A33: ="TASK-"&TEXT(32,"000") | B33: UC-025 | C33: Image-only practice mode | D33: Backend | E33: sessionController mode 'image-practice' with asset-resolver and QuestionImage handling the diagram items. | F33: Given the image mode, when the attempt is built, then every question carries an image and a short pool fails clearly. | G33: Sprint 1 | H33: BE Dev | I33: 5 | J33: Medium | K33: Done | L33: 46273 | M33: 46277
A34: ="TASK-"&TEXT(33,"000") | B34: UC-026 | C34: Full NEET mock with practice-first gate | D34: Backend | E34: sessionController mode 'full-mock' plus the hasCompletedPracticeTest gate before a full paper can start. | F34: Given no completed practice test, when Mock Test is clicked, then the gate explains why; otherwise a full sectioned attempt starts. | G34: Sprint 1 | H34: BE Dev | I34: 5 | J34: Critical | K34: Done | L34: 46273 | M34: 46277
A35: ="TASK-"&TEXT(34,"000") | B35: UC-027 | C35: Custom multi-scope paper | D35: Frontend | E35: Mode 'custom' with TestListView.distributeCount spreading the requested total across the chosen buckets. | F35: Given several scopes and a total, when the test starts, then the counts are distributed and every scope is represented. | G35: Sprint 1 | H35: FE Dev | I35: 5 | J35: High | K35: Done | L35: 46273 | M35: 46277
A36: ="TASK-"&TEXT(35,"000") | B36: UC-028 | C36: Launch a test from a course unit or plan goal | D36: Frontend | E36: CoursesView / StudyPlanView name-match handoff into the test configurator. | F36: Given a unit or goal, when Build Test is clicked, then the attempt starts pre-scoped to it. | G36: Sprint 1 | H36: FE Dev | I36: 3 | J36: Medium | K36: Done | L36: 46273 | M36: 46277
A37: ="TASK-"&TEXT(36,"000") | B37: UC-028 | C37: Replace the name-match handoff with catalog ids | D37: Frontend | E37: Local syllabus strings are matched to catalog nodes by name today; carry the real uuid through the handoff instead. | F37: Given a unit whose title differs from the catalog label, when Build Test is clicked, then the correct scope is still selected. | G37: Sprint 3 | H37: FE Dev | I37: 5 | J37: Medium | K37: To Do | L37: 46301 | M37: 46312
A38: ="TASK-"&TEXT(37,"000") | B38: UC-029 | C38: Practice test definition API | D38: Backend | E38: POST /assess/tests/practice with the allowlist derived from TEST_TYPE_CONFIG so it cannot drift from the engine. | F38: Given a valid exam and scope, when the endpoint is called, then a published test is created that any attempt flow can start. | G38: Sprint 1 | H38: BE Dev | I38: 3 | J38: Medium | K38: Done | L38: 46273 | M38: 46277
A39: ="TASK-"&TEXT(38,"000") | B39: UC-023 | C39: Live question availability while configuring | D39: Full-stack | E39: POST /assess/availability debounced from the configurator, surfaced by QuestionAvailabilityBanner. | F39: Given a config change, when the pool is short, then the banner warns before Start rather than after. | G39: Sprint 1 | H39: Full-stack | I39: 5 | J39: High | K39: Done | L39: 46273 | M39: 46277
A40: ="TASK-"&TEXT(39,"000") | B40: UC-024 | C40: Insufficient question pool dialog | D40: Frontend | E40: InsufficientQuestionsDialog covering the POOL-01..POOL-15 boundary cases in docs/TEST-CASES.md. | F40: Given a scope that is short, when the student starts, then no attempt row is created and the shortfall is spelled out. | G40: Sprint 1 | H40: FE Dev | I40: 3 | J40: Critical | K40: Done | L40: 46273 | M40: 46277
A41: ="TASK-"&TEXT(40,"000") | B41: UC-030 | C41: Pre-test system check | D41: Frontend | E41: SystemCheckView covering browser compatibility, network, display and memory before the exam screen. | F41: Given a failing check, when the student proceeds, then the specific failure is named and the entry is gated. | G41: Sprint 1 | H41: FE Dev | I41: 3 | J41: Medium | K41: Done | L41: 46273 | M41: 46277
A42: ="TASK-"&TEXT(41,"000") | B42: UC-031 | C42: Exam lobby with countdown and recycling disclosure | D42: Frontend | E42: LobbyView with the 30-second settle-in and the repeated-question disclosure required by docs/no-repeat-questions-fix.md Phase 5. | F42: Given a lobby entry, when the countdown ends, then the test opens and the disclosure has been shown. | G42: Sprint 1 | H42: FE Dev | I42: 3 | J42: Medium | K42: Done | L42: 46273 | M42: 46277
A43: ="TASK-"&TEXT(42,"000") | B43: UC-032 | C43: One active attempt per student | D43: Backend | E43: attempt-flow.startAttempt refusing a second concurrent attempt with ACTIVE_ATTEMPT_EXISTS wired into the resume prompt. | F43: Given an in-progress attempt, when another start is requested, then it is refused and the student is pointed at the live attempt. | G43: Sprint 1 | H43: BE Dev | I43: 5 | J43: Critical | K43: Done | L43: 46273 | M43: 46277
A44: ="TASK-"&TEXT(43,"000") | B44: UC-032 | C44: Thread the transaction client through assembleForAttempt (DB-01) | D44: Backend | E44: startAttempt calls assembleForAttempt inside its own transaction while assembly uses bare pool.query — four concurrent BLUEPRINT starts can deadlock the 4-connection pool, the same bug already fixed in loadSectionSchemes. | F44: Given four or more simultaneous starts on one test, when they run, then all complete and no backend sits idle in transaction. | G44: Sprint 1 | H44: BE Dev | I44: 8 | J44: Critical | K44: To Do | L44: 46273 | M44: 46284
A45: ="TASK-"&TEXT(44,"000") | B45: UC-032 | C45: Concurrent-start load test for the assembly path | D45: QA/Testing | E45: Extend concurrent-shared-pool.test.ts to cover startAttempt at 8+ real concurrent callers once DB-01 lands. | F45: Given eight concurrent starts, when the test runs, then every attempt gets its full distinct question set with no deadlock. | G45: Sprint 2 | H45: QA | I45: 5 | J45: Critical | K45: To Do | L45: 46287 | M45: 46298
A46: ="TASK-"&TEXT(45,"000") | B46: UC-033 | C46: Autosaved responses | D46: Backend | E46: saveResponse / batchSaveResponses behind requireAttemptOwnership, keeping the latest answer per question. | F46: Given an answer change, when the network drops before submit, then the last saved answer survives a reload. | G46: Sprint 1 | H46: BE Dev | I46: 5 | J46: Critical | K46: Done | L46: 46273 | M46: 46277
A47: ="TASK-"&TEXT(46,"000") | B47: UC-034 | C47: Question palette and mark-for-review | D47: Frontend | E47: TestTakingView orderQuestions() ordering by section and sequence, with an off-canvas palette on mobile. | F47: Given any question state, when the palette is opened, then every question is reachable and its state is visible at 390px and up. | G47: Sprint 1 | H47: FE Dev | I47: 5 | J47: High | K47: Done | L47: 46273 | M47: 46277
A48: ="TASK-"&TEXT(47,"000") | B48: UC-034 | C48: Trace the stray 'Case #12' label near the stem (DB-07) | D48: Frontend | E48: No published stem matches the reported pattern, so the label is almost certainly a counter or index leaking into the stem container — inspect the render path. | F48: Given the reported paper, when the question renders, then no counter label appears inside or adjacent to the stem text. | G48: Sprint 2 | H48: FE Dev | I48: 3 | J48: Medium | K48: To Do | L48: 46287 | M48: 46298
A49: ="TASK-"&TEXT(48,"000") | B49: UC-035 | C49: Countdown timer and auto-submit at zero | D49: Frontend | E49: TestTakingView timer with warning states and onCompleteTest firing the same submit path as the manual button (LOCK-18). | F49: Given the timer reaches zero, when auto-submit runs, then the attempt is scored and no further input is accepted. | G49: Sprint 1 | H49: FE Dev | I49: 5 | J49: Critical | K49: Done | L49: 46273 | M49: 46277
A50: ="TASK-"&TEXT(49,"000") | B50: UC-036 | C50: Exam lockdown: close out the LOCK-01..LOCK-20 list | D50: Frontend | E50: Back/forward interception, refresh confirmation, copy and context-menu suppression and the remaining automatable lockdown cases in docs/TEST-CASES.md Bucket 3. | F50: Given each automatable LOCK case, when the suite runs, then it passes; the manual-only cases are listed with evidence. | G50: Sprint 1 | H50: FE Dev | I50: 8 | J50: High | K50: In Progress | L50: 46273 | M50: 46284
A51: ="TASK-"&TEXT(50,"000") | B51: UC-036 | C51: Manual lockdown pass on mobile | D51: QA/Testing | E51: Run the manual-only LOCK mobile variants on real devices, recording evidence per case. | F51: Given each mobile LOCK case, when it is exercised on a real device, then the observed behaviour is recorded pass or fail. | G51: Sprint 2 | H51: QA | I51: 5 | J51: High | K51: To Do | L51: 46287 | M51: 46298
A52: ="TASK-"&TEXT(51,"000") | B52: UC-037 | C52: Attempt integrity event trail | D52: Backend | E52: postEvent / getEvents recording blur, focus and fullscreen-exit as an append-only trail per attempt (LOCK-06). | F52: Given a tab switch mid-attempt, when the attempt is inspected, then the event is present with its timestamp. | G52: Sprint 1 | H52: BE Dev | I52: 3 | J52: Medium | K52: Done | L52: 46273 | M52: 46277
A53: ="TASK-"&TEXT(52,"000") | B53: UC-038 | C53: Pause an attempt with the clock frozen | D53: Backend | E53: attempt-flow.pauseAttempt with envelope referenceNowMs freezing the clock so viewing progress costs no time. | F53: Given a pause, when the attempt is reopened later, then the remaining time is exactly what it was at pause. | G53: Sprint 1 | H53: BE Dev | I53: 3 | J53: High | K53: Done | L53: 46273 | M53: 46277
A54: ="TASK-"&TEXT(53,"000") | B54: UC-039 | C54: Resume a paused attempt | D54: Frontend | E54: PausedAttemptPanel with Resume as the primary action and Submit demoted to secondary. | F54: Given a paused attempt, when Resume is clicked, then the same paper and remaining time return in progress. | G54: Sprint 1 | H54: FE Dev | I54: 3 | J54: High | K54: Done | L54: 46273 | M54: 46277
A55: ="TASK-"&TEXT(54,"000") | B55: UC-040 | C55: Recover an in-progress attempt after a refresh or crash | D55: Frontend | E55: useResumableAttempt restoring the live attempt on load (LOCK-05, BUG-03/BUG-06). | F55: Given a mid-test reload, when the app boots, then the student lands back on the same paper with saved answers intact. | G55: Sprint 1 | H55: FE Dev | I55: 5 | J55: Critical | K55: Done | L55: 46273 | M55: 46277
A56: ="TASK-"&TEXT(55,"000") | B56: UC-042 | C56: No repeated questions inside or across attempts | D56: Backend | E56: content_fp-protected blueprint assembly plus the exposure ledger, covered by REP-01..REP-25. | F56: Given repeated attempts on one scope, when papers are assembled, then no question repeats inside an attempt and repeats across attempts stay inside the policy window. | G56: Sprint 1 | H56: BE Dev | I56: 8 | J56: Critical | K56: Done | L56: 46273 | M56: 46277
A57: ="TASK-"&TEXT(56,"000") | B57: UC-042 | C57: Decide hard vs soft anti-repeat window (REP-13) | D57: Backend | E57: REP-13 records an open policy question: a hard block on recently-seen items versus a soft de-prioritisation when the pool is thin. | F57: Given a thin pool, when the policy is applied, then the chosen behaviour is documented, implemented and covered by a test. | G57: Sprint 3 | H57: BE Dev | I57: 5 | J57: High | K57: To Do | L57: 46301 | M57: 46312
A58: ="TASK-"&TEXT(57,"000") | B58: UC-041 | C58: Server-side scoring on submit | D58: Backend | E58: attempt-flow.submitAttempt with db/assess/scoring, and EvaluatingView showing real progress rather than a simulation. | F58: Given a submitted attempt, when scoring completes, then marks come only from the server and match the marking scheme. | G58: Sprint 1 | H58: BE Dev | I58: 8 | J58: Critical | K58: Done | L58: 46273 | M58: 46277
A59: ="TASK-"&TEXT(58,"000") | B59: UC-043 | C59: Scorecard immediately after submit | D59: Frontend | E59: getScorecard with DashboardView formatMarks rendering the result as soon as scoring returns. | F59: Given a completed attempt, when scoring finishes, then the scorecard renders with score, accuracy and time. | G59: Sprint 1 | H59: FE Dev | I59: 3 | J59: Critical | K59: Done | L59: 46273 | M59: 46277
A60: ="TASK-"&TEXT(59,"000") | B60: UC-044 | C60: Results history | D60: Frontend | E60: MyResultsView over listOwnAttempts with search and filters. | F60: Given past attempts, when My Results is opened, then the server list renders with per-attempt entry points. | G60: Sprint 1 | H60: FE Dev | I60: 5 | J60: High | K60: Done | L60: 46273 | M60: 46277
A61: ="TASK-"&TEXT(60,"000") | B61: UC-044 | C61: Replace the ephemeral attempts array with server data (DB-03) | D61: Frontend | E61: App.tsx's client-only attempts state still backs TestListView's recent-attempts strip and the daily-reminder check, so both go stale after a fresh login. | F61: Given a fresh login on a new device, when the dashboard and Tests screens load, then both read real server history. | G61: Sprint 1 | H61: FE Dev | I61: 8 | J61: High | K61: To Do | L61: 46273 | M61: 46284
A62: ="TASK-"&TEXT(61,"000") | B62: UC-045 | C62: Question-by-question attempt review | D62: Frontend | E62: AttemptReviewView showing the student answer, correct answer, explanation and time per question. | F62: Given a scored attempt, when review is opened, then every question shows both answers and time spent. | G62: Sprint 1 | H62: FE Dev | I62: 5 | J62: High | K62: Done | L62: 46273 | M62: 46277
A63: ="TASK-"&TEXT(62,"000") | B63: UC-046 | C63: IRT ability estimate | D63: Backend | E63: getIrtReportHandler with IrtSection rendering the ability estimate alongside the raw score. | F63: Given a scored attempt, when the report is opened, then the ability estimate and its confidence band are shown. | G63: Sprint 1 | H63: BE Dev | I63: 5 | J63: Medium | K63: Done | L63: 46273 | M63: 46277
A64: ="TASK-"&TEXT(63,"000") | B64: UC-047 | C64: Cohort comparison | D64: Backend | E64: getCohortComparisonHandler placing the student's score against the cohort distribution. | F64: Given enough cohort data, when the result is opened, then percentile and cohort average are shown. | G64: Sprint 1 | H64: BE Dev | I64: 3 | J64: Medium | K64: Done | L64: 46273 | M64: 46277
A65: ="TASK-"&TEXT(64,"000") | B65: UC-049 | C65: Branded PDF report export | D65: Frontend | E65: services/pdfExport.ts with ReportBrandHeader and ReportSummary, lazily loaded so recharts and jsPDF stay out of the initial bundle. | F65: Given a report, when Download PDF is used, then a branded PDF is produced and the initial bundle is unchanged. | G65: Sprint 1 | H65: FE Dev | I65: 5 | J65: Medium | K65: Done | L65: 46273 | M65: 46277
A66: ="TASK-"&TEXT(65,"000") | B66: UC-050 | C66: Share a scorecard | D66: Frontend | E66: services/shareScorecard.ts with idle / working / done / failed states on the dashboard control. | F66: Given a scorecard, when Share is used, then the share completes or fails with an explicit state, never silently. | G66: Sprint 1 | H66: FE Dev | I66: 2 | J66: Low | K66: Done | L66: 46273 | M66: 46277
A67: ="TASK-"&TEXT(66,"000") | B67: UC-048 | C67: Performance analytics dashboard | D67: Full-stack | E67: AnalyticsView with useDashboardAnalytics over analyticsController.getDashboard, covering trends and weak areas. | F67: Given several attempts, when Analytics is opened, then trend, subject split and weak areas render from one server call. | G67: Sprint 1 | H67: Full-stack | I67: 8 | J67: High | K67: Done | L67: 46273 | M67: 46277
A68: ="TASK-"&TEXT(67,"000") | B68: UC-048 | C68: Subject-level drill-down in analytics | D68: Frontend | E68: Let a student open a subject from the analytics summary and see chapter-level accuracy behind it. | F68: Given a subject tile, when it is opened, then chapter-level accuracy and attempt counts render for that subject. | G68: Sprint 4 | H68: FE Dev | I68: 5 | J68: Medium | K68: To Do | L68: 46315 | M68: 46326
A69: ="TASK-"&TEXT(68,"000") | B69: UC-051 | C69: Create and save a study plan | D69: Backend | E69: studyPlanFlowController with 'me' and 'reset' registered before the generic CRUD router (BUG-19). | F69: Given a target date, when the plan is created, then it is persisted and returned by GET /study-plans/me. | G69: Sprint 1 | H69: BE Dev | I69: 5 | J69: High | K69: Done | L69: 46273 | M69: 46277
A70: ="TASK-"&TEXT(69,"000") | B70: UC-052 | C70: Study plan goal management | D70: Backend | E70: Add, edit, reorder and delete goals with requirePlanOwnership resolving ownership once per request. | F70: Given a plan, when goals are reordered or deleted, then the change persists and another student's plan is untouchable. | G70: Sprint 1 | H70: BE Dev | I70: 5 | J70: High | K70: Done | L70: 46273 | M70: 46277
A71: ="TASK-"&TEXT(70,"000") | B71: UC-053 | C71: Plan task completion tracking | D71: Backend | E71: learnFlowController getPlanTasks / patchPlanTaskStatus. | F71: Given a plan task, when it is ticked, then the status persists and plan progress recomputes. | G71: Sprint 1 | H71: BE Dev | I71: 3 | J71: Medium | K71: Done | L71: 46273 | M71: 46277
A72: ="TASK-"&TEXT(71,"000") | B72: UC-054 | C72: Custom study tasks | D72: Backend | E72: learn.routes /custom-tasks backed by real tables (BUG-20/21/22 replaced the localStorage and missing-table paths). | F72: Given a custom task, when it is created, then it survives a reload and belongs only to its owner. | G72: Sprint 1 | H72: BE Dev | I72: 3 | J72: Medium | K72: Done | L72: 46273 | M72: 46277
A73: ="TASK-"&TEXT(72,"000") | B73: UC-055 | C73: Personal revision notes | D73: Full-stack | E73: learn.routes /revision-notes with services/revisionNotesApi.ts. | F73: Given a note against a chapter, when it is saved, then it is returned on the next visit for that student only. | G73: Sprint 1 | H73: Full-stack | I73: 3 | J73: Medium | K73: Done | L73: 46273 | M73: 46277
A74: ="TASK-"&TEXT(73,"000") | B74: UC-056 | C74: Daily flashcard review | D74: Frontend | E74: DailyFlashcard with getFlashcardReviews / postFlashcardReview behind requireDeckOwnership. | F74: Given a due card, when it is reviewed, then the review is recorded and the next due card is served. | G74: Sprint 1 | H74: FE Dev | I74: 3 | J74: Medium | K74: Done | L74: 46273 | M74: 46277
A75: ="TASK-"&TEXT(74,"000") | B75: UC-057 | C75: Focus sessions and study streak | D75: Frontend | E75: FocusMode and PomodoroTimer over pomodoroSessionsListRouter, with plain-language copy after the BUG-29 wording sweep. | F75: Given a completed focus session, when it is logged, then the streak updates and the copy contains no technical vocabulary. | G75: Sprint 1 | H75: FE Dev | I75: 5 | J75: Medium | K75: Done | L75: 46273 | M75: 46277
A76: ="TASK-"&TEXT(75,"000") | B76: UC-060 | C76: Auto-log wrong answers into the error log | D76: Backend | E76: Populate learn.error_log on submit so the mistake notebook has content; the CRUD route exists but nothing writes to it from the attempt flow. | F76: Given a submitted attempt with wrong answers, when scoring completes, then one error-log row exists per wrong question. | G76: Sprint 2 | H76: BE Dev | I76: 5 | J76: Medium | K76: To Do | L76: 46287 | M76: 46298
A77: ="TASK-"&TEXT(76,"000") | B77: UC-060 | C77: Mistake notebook screen | D77: Frontend | E77: First UI over learn.routes /error-log — no frontend screen calls it today. | F77: Given logged mistakes, when the notebook is opened, then they are listed by subject with a route back into the question. | G77: Sprint 2 | H77: FE Dev | I77: 8 | J77: Medium | K77: To Do | L77: 46287 | M77: 46298
A78: ="TASK-"&TEXT(77,"000") | B78: UC-061 | C78: Compute and persist topic mastery on submit | D78: Backend | E78: Write learn.topic_mastery from attempt results instead of deriving weak areas only inside the analytics dashboard. | F78: Given a submitted attempt, when scoring completes, then per-topic mastery rows are updated for that student. | G78: Sprint 3 | H78: BE Dev | I78: 8 | J78: Medium | K78: To Do | L78: 46301 | M78: 46312
A79: ="TASK-"&TEXT(78,"000") | B79: UC-061 | C79: Topic mastery screen | D79: Frontend | E79: UI over learn.routes /topic-mastery showing per-topic scores; backend only today. | F79: Given mastery rows, when the screen is opened, then topics are ranked with safe and at-risk bands. | G79: Sprint 3 | H79: FE Dev | I79: 8 | J79: Medium | K79: To Do | L79: 46301 | M79: 46312
A80: ="TASK-"&TEXT(79,"000") | B80: UC-058 | C80: In-app notification centre | D80: Frontend | E80: NotificationBell over notificationsListRouter including clear-all (P0-5). | F80: Given unread notifications, when the bell is opened, then they are listed and clear-all empties the list server-side. | G80: Sprint 1 | H80: FE Dev | I80: 3 | J80: Medium | K80: Done | L80: 46273 | M80: 46277
A81: ="TASK-"&TEXT(80,"000") | B81: UC-059 | C81: Base the daily reminder on server attempt data (DB-03) | D81: Frontend | E81: DailyReminderModal's 'did they test today' check still reads App.tsx's ephemeral attempts array, so it misfires after a fresh login. | F81: Given a student who tested today on another device, when the app loads, then no reminder is shown. | G81: Sprint 1 | H81: FE Dev | I81: 3 | J81: Low | K81: In Progress | L81: 46273 | M81: 46284
A82: ="TASK-"&TEXT(81,"000") | B82: UC-062 | C82: Fill in the placeholder admin tabs | D82: Frontend | E82: AdminView ships the shell and tabs (Overview/Students/Content/Analytics/Settings) with several panels still placeholders. | F82: Given each admin tab, when it is opened, then it renders real data or an explicit empty state — no placeholder panels remain. | G82: Sprint 1 | H82: FE Dev | I82: 8 | J82: Medium | K82: In Progress | L82: 46273 | M82: 46284
A83: ="TASK-"&TEXT(82,"000") | B83: UC-062 | C83: Wire the admin overview to GET /admin/stats | D83: Full-stack | E83: Render the platform counts behind requirePermission('admin:stats') in the Overview tab. | F83: Given an admin, when Overview is opened, then live user, attempt and content counts render; a non-admin is refused. | G83: Sprint 2 | H83: Full-stack | I83: 5 | J83: Medium | K83: To Do | L83: 46287 | M83: 46298
A84: ="TASK-"&TEXT(83,"000") | B84: UC-063 | C84: User invitations | D84: Backend | E84: admin.routes invitation endpoints using the service-role key. | F84: Given an invited email, when the invite is sent, then the invitee can complete sign-up against that invitation only. | G84: Sprint 1 | H84: BE Dev | I84: 5 | J84: High | K84: Done | L84: 46273 | M84: 46277
A85: ="TASK-"&TEXT(84,"000") | B85: UC-064 | C85: User search and record correction | D85: Backend | E85: userManageGated routes over adminUser.service.ts. | F85: Given a support request, when an admin searches and edits a user, then the change is persisted and audited. | G85: Sprint 1 | H85: BE Dev | I85: 5 | J85: High | K85: Done | L85: 46273 | M85: 46277
A86: ="TASK-"&TEXT(85,"000") | B86: UC-065 | C86: Account status transitions | D86: Backend | E86: transitionStatusSchema for suspend, reactivate and delete; DELETE /me is gated behind user-manage permission plus recent OTP re-authentication (BUG-27). | F86: Given a suspended account, when the user signs in, then access is refused; self-service deletion is not reachable without re-auth. | G86: Sprint 1 | H86: BE Dev | I86: 3 | J86: High | K86: Done | L86: 46273 | M86: 46277
A87: ="TASK-"&TEXT(86,"000") | B87: UC-066 | C87: Role grant and revoke | D87: Backend | E87: admin.routes role endpoints enforced by middleware/requirePermission.ts. | F87: Given a revoked role, when the user calls a route that needed it, then the call is refused immediately. | G87: Sprint 1 | H87: BE Dev | I87: 3 | J87: High | K87: Done | L87: 46273 | M87: 46277
A88: ="TASK-"&TEXT(87,"000") | B88: UC-067 | C88: Force sign-out and force password reset | D88: Backend | E88: admin.routes force-sign-out / force-password-reset for compromised accounts. | F88: Given a forced sign-out, when the user's existing session is used, then it is rejected and re-authentication is required. | G88: Sprint 1 | H88: BE Dev | I88: 3 | J88: Medium | K88: Done | L88: 46273 | M88: 46277
A89: ="TASK-"&TEXT(88,"000") | B89: UC-068 | C89: Submit a question for review | D89: Backend | E89: content.routes submit path over db/content/lifecycle.ts. | F89: Given a draft question, when it is submitted, then its state moves to under-review and the transition is recorded. | G89: Sprint 1 | H89: BE Dev | I89: 3 | J89: High | K89: Done | L89: 46273 | M89: 46277
A90: ="TASK-"&TEXT(89,"000") | B90: UC-069 | C90: Review decision (approve or send back) | D90: Backend | E90: review-decision behind requirePermission('content:review_decide'). | F90: Given a question under review, when a decision is recorded, then the state and reviewer note are stored atomically. | G90: Sprint 1 | H90: BE Dev | I90: 3 | J90: High | K90: Done | L90: 46273 | M90: 46277
A91: ="TASK-"&TEXT(90,"000") | B91: UC-070 | C91: Publish and retire questions | D91: Backend | E91: content.routes publish/retire; POOL-14 confirms draft and retired items never count as available. | F91: Given a retired question, when availability is computed, then it is excluded from every pool. | G91: Sprint 1 | H91: BE Dev | I91: 5 | J91: Critical | K91: Done | L91: 46273 | M91: 46277
A92: ="TASK-"&TEXT(91,"000") | B92: UC-071 | C92: Question review history | D92: Backend | E92: content.routes review-history returning who changed what and when. | F92: Given a question, when its history is requested, then every transition is listed in order with its actor. | G92: Sprint 1 | H92: BE Dev | I92: 2 | J92: Medium | K92: Done | L92: 46273 | M92: 46277
A93: ="TASK-"&TEXT(92,"000") | B93: UC-072 | C93: Content health report | D93: Backend | E93: content.routes content-health, read alongside docs/POOL_CENSUS.md for pool coverage. | F93: Given the report, when it is generated, then scopes below the coverage threshold are listed. | G93: Sprint 1 | H93: BE Dev | I93: 3 | J93: Medium | K93: Done | L93: 46273 | M93: 46277
A94: ="TASK-"&TEXT(93,"000") | B94: UC-073 | C94: Question bank search API | D94: Backend | E94: GET /questions with a Zod-validated query over the ~1,400-row bank. | F94: Given filters on scope, state and difficulty, when the endpoint is called, then only matching questions are returned. | G94: Sprint 1 | H94: BE Dev | I94: 3 | J94: Medium | K94: Done | L94: 46273 | M94: 46277
A95: ="TASK-"&TEXT(94,"000") | B95: UC-073 | C95: Question bank admin screen | D95: Frontend | E95: Admin UI over GET /questions so content managers can work the bank without direct API calls. | F95: Given the Content tab, when filters are applied, then matching questions render with their lifecycle state and actions. | G95: Sprint 4 | H95: FE Dev | I95: 8 | J95: Medium | K95: To Do | L95: 46315 | M95: 46326
A96: ="TASK-"&TEXT(95,"000") | B96: UC-070 | C96: Pool-sufficiency validation at publish time (DB-02) | D96: Backend | E96: Reject a fixed paper whose blueprint the live pool cannot satisfy. Parked until ingestFixedPaper gets a real admin route — it has no live callers today. | F96: Given a blueprint the pool cannot satisfy, when publish is attempted, then it is refused with the shortfall named. | G96: Backlog | H96: BE Dev | I96: 5 | J96: Low | K96: To Do
A97: ="TASK-"&TEXT(96,"000") | B97: UC-074 | C97: Reproducible question batch import | D97: Backend | E97: schemas/ plus db/scripts/ import with dry-run reports and error triage in docs/CL2_*. | F97: Given an authored batch, when it is imported, then the dry-run report matches the applied result and images resolve. | G97: Sprint 1 | H97: BE Dev | I97: 8 | J97: High | K97: Done | L97: 46273 | M97: 46277
A98: ="TASK-"&TEXT(97,"000") | B98: UC-075 | C98: Promote duplicate detection into the publish gate | D98: Backend | E98: Fingerprint normaliser and quarantine exist (db/content/_quarantine, QUESTION_DEDUP_* docs); make a near-duplicate block publication rather than only being reported. | F98: Given a near-duplicate above the agreed threshold, when publish is attempted, then it is quarantined with its match named. | G98: Sprint 1 | H98: BE Dev | I98: 8 | J98: High | K98: In Progress | L98: 46273 | M98: 46284
A99: ="TASK-"&TEXT(98,"000") | B99: UC-075 | C99: Stem-level duplicate protection in anti-repeat (REP-24) | D99: Backend | E99: Anti-repeat is keyed on question_id, so the same stem under two ids can still reach one student — key the exposure ledger on content fingerprint too. | F99: Given two ids sharing a fingerprint, when papers are assembled for one student, then only one of them is served. | G99: Sprint 3 | H99: BE Dev | I99: 5 | J99: High | K99: To Do | L99: 46301 | M99: 46312
A100: ="TASK-"&TEXT(99,"000") | B100: UC-075 | C100: Backfill a dedupe scan across the live bank | D100: Backend | E100: Run the fingerprint scan over all ~1,400 rows and triage the matches into the tracker. | F100: Given the full bank, when the scan completes, then every match is triaged as duplicate or distinct in QUESTION_DEDUP_TRACKER.md. | G100: Sprint 2 | H100: Content Ops | I100: 5 | J100: High | K100: To Do | L100: 46287 | M100: 46298
...

Sheet Sprint Board
B2: Sprint Summary
B4: Sprint | C4: Total Tasks | D4: To Do | E4: In Progress | F4: In Review | G4: Blocked | H4: Done | I4: Total Story Points
B5: Sprint 1 | C5: =COUNTIF('Sprint Tasks'!$G$3:$G$121,$B5) | D5: =COUNTIFS('Sprint Tasks'!$G$3:$G$121,$B5,'Sprint Tasks'!$K$3:$K$121,"To Do") | E5: =COUNTIFS('Sprint Tasks'!$G$3:$G$121,$B5,'Sprint Tasks'!$K$3:$K$121,"In Progress") | F5: =COUNTIFS('Sprint Tasks'!$G$3:$G$121,$B5,'Sprint Tasks'!$K$3:$K$121,"In Review") | G5: =COUNTIFS('Sprint Tasks'!$G$3:$G$121,$B5,'Sprint Tasks'!$K$3:$K$121,"Blocked") | H5: =COUNTIFS('Sprint Tasks'!$G$3:$G$121,$B5,'Sprint Tasks'!$K$3:$K$121,"Done") | I5: =SUMIF('Sprint Tasks'!$G$3:$G$121,$B5,'Sprint Tasks'!$I$3:$I$121)
B6: Sprint 2 | C6: =COUNTIF('Sprint Tasks'!$G$3:$G$121,$B6) | D6: =COUNTIFS('Sprint Tasks'!$G$3:$G$121,$B6,'Sprint Tasks'!$K$3:$K$121,"To Do") | E6: =COUNTIFS('Sprint Tasks'!$G$3:$G$121,$B6,'Sprint Tasks'!$K$3:$K$121,"In Progress") | F6: =COUNTIFS('Sprint Tasks'!$G$3:$G$121,$B6,'Sprint Tasks'!$K$3:$K$121,"In Review") | G6: =COUNTIFS('Sprint Tasks'!$G$3:$G$121,$B6,'Sprint Tasks'!$K$3:$K$121,"Blocked") | H6: =COUNTIFS('Sprint Tasks'!$G$3:$G$121,$B6,'Sprint Tasks'!$K$3:$K$121,"Done") | I6: =SUMIF('Sprint Tasks'!$G$3:$G$121,$B6,'Sprint Tasks'!$I$3:$I$121)
B7: Sprint 3 | C7: =COUNTIF('Sprint Tasks'!$G$3:$G$121,$B7) | D7: =COUNTIFS('Sprint Tasks'!$G$3:$G$121,$B7,'Sprint Tasks'!$K$3:$K$121,"To Do") | E7: =COUNTIFS('Sprint Tasks'!$G$3:$G$121,$B7,'Sprint Tasks'!$K$3:$K$121,"In Progress") | F7: =COUNTIFS('Sprint Tasks'!$G$3:$G$121,$B7,'Sprint Tasks'!$K$3:$K$121,"In Review") | G7: =COUNTIFS('Sprint Tasks'!$G$3:$G$121,$B7,'Sprint Tasks'!$K$3:$K$121,"Blocked") | H7: =COUNTIFS('Sprint Tasks'!$G$3:$G$121,$B7,'Sprint Tasks'!$K$3:$K$121,"Done") | I7: =SUMIF('Sprint Tasks'!$G$3:$G$121,$B7,'Sprint Tasks'!$I$3:$I$121)
B8: Sprint 4 | C8: =COUNTIF('Sprint Tasks'!$G$3:$G$121,$B8) | D8: =COUNTIFS('Sprint Tasks'!$G$3:$G$121,$B8,'Sprint Tasks'!$K$3:$K$121,"To Do") | E8: =COUNTIFS('Sprint Tasks'!$G$3:$G$121,$B8,'Sprint Tasks'!$K$3:$K$121,"In Progress") | F8: =COUNTIFS('Sprint Tasks'!$G$3:$G$121,$B8,'Sprint Tasks'!$K$3:$K$121,"In Review") | G8: =COUNTIFS('Sprint Tasks'!$G$3:$G$121,$B8,'Sprint Tasks'!$K$3:$K$121,"Blocked") | H8: =COUNTIFS('Sprint Tasks'!$G$3:$G$121,$B8,'Sprint Tasks'!$K$3:$K$121,"Done") | I8: =SUMIF('Sprint Tasks'!$G$3:$G$121,$B8,'Sprint Tasks'!$I$3:$I$121)
B9: Sprint 5 | C9: =COUNTIF('Sprint Tasks'!$G$3:$G$121,$B9) | D9: =COUNTIFS('Sprint Tasks'!$G$3:$G$121,$B9,'Sprint Tasks'!$K$3:$K$121,"To Do") | E9: =COUNTIFS('Sprint Tasks'!$G$3:$G$121,$B9,'Sprint Tasks'!$K$3:$K$121,"In Progress") | F9: =COUNTIFS('Sprint Tasks'!$G$3:$G$121,$B9,'Sprint Tasks'!$K$3:$K$121,"In Review") | G9: =COUNTIFS('Sprint Tasks'!$G$3:$G$121,$B9,'Sprint Tasks'!$K$3:$K$121,"Blocked") | H9: =COUNTIFS('Sprint Tasks'!$G$3:$G$121,$B9,'Sprint Tasks'!$K$3:$K$121,"Done") | I9: =SUMIF('Sprint Tasks'!$G$3:$G$121,$B9,'Sprint Tasks'!$I$3:$I$121)
B10: Backlog | C10: =COUNTIF('Sprint Tasks'!$G$3:$G$121,$B10) | D10: =COUNTIFS('Sprint Tasks'!$G$3:$G$121,$B10,'Sprint Tasks'!$K$3:$K$121,"To Do") | E10: =COUNTIFS('Sprint Tasks'!$G$3:$G$121,$B10,'Sprint Tasks'!$K$3:$K$121,"In Progress") | F10: =COUNTIFS('Sprint Tasks'!$G$3:$G$121,$B10,'Sprint Tasks'!$K$3:$K$121,"In Review") | G10: =COUNTIFS('Sprint Tasks'!$G$3:$G$121,$B10,'Sprint Tasks'!$K$3:$K$121,"Blocked") | H10: =COUNTIFS('Sprint Tasks'!$G$3:$G$121,$B10,'Sprint Tasks'!$K$3:$K$121,"Done") | I10: =SUMIF('Sprint Tasks'!$G$3:$G$121,$B10,'Sprint Tasks'!$I$3:$I$121)
B11: Total | C11: =SUM(C5:C10) | D11: =SUM(D5:D10) | E11: =SUM(E5:E10) | F11: =SUM(F5:F10) | G11: =SUM(G5:G10) | H11: =SUM(H5:H10) | I11: =SUM(I5:I10)
